{
    "test_type": { 
        "stream": {
            "protocol": {
                "tcp": {
                    "message_size": {
                        "64": {
                            "num_threads": {
                                "1": {
                                    "max(norm_byte)": {
                                        "281238bb-d217-57e2-a68a-64289f86b9ad": 47414272.0,
                                        "a7dfb872-06bc-5e10-b878-eca5eb0b3683": 73905152.0
                                    },
                                    "avg(norm_byte)": {
                                        "281238bb-d217-57e2-a68a-64289f86b9ad": 35374943.82122905,
                                        "a7dfb872-06bc-5e10-b878-eca5eb0b3683": 70476003.55555555
                                    },
                                    "50.0percentiles(norm_byte)": {
                                        "281238bb-d217-57e2-a68a-64289f86b9ad": 37089280.0,
                                        "a7dfb872-06bc-5e10-b878-eca5eb0b3683": 70538752.0
                                    }
                                }
                            }
                        },
                        "1024": {
                            "num_threads": {
                                "1": {
                                    "max(norm_byte)": {
                                        "281238bb-d217-57e2-a68a-64289f86b9ad": 439697408.0,
                                        "a7dfb872-06bc-5e10-b878-eca5eb0b3683": 619495424.0
                                    },
                                    "avg(norm_byte)": {
                                        "281238bb-d217-57e2-a68a-64289f86b9ad": 328862942.97206706,
                                        "a7dfb872-06bc-5e10-b878-eca5eb0b3683": 617195383.2888889
                                    },
                                    "50.0percentiles(norm_byte)": {
                                        "281238bb-d217-57e2-a68a-64289f86b9ad": 333037568.0,
                                        "a7dfb872-06bc-5e10-b878-eca5eb0b3683": 617734144.0
                                    }
                                }
                            }
                        }
                    }
                },
                "udp": {
                    "message_size": {
                        "64": {
                            "num_threads": {
                                "1": {
                                    "max(norm_byte)": {
                                        "281238bb-d217-57e2-a68a-64289f86b9ad": 7692288.0,
                                        "a7dfb872-06bc-5e10-b878-eca5eb0b3683": 11706368.0
                                    },
                                    "avg(norm_byte)": {
                                        "281238bb-d217-57e2-a68a-64289f86b9ad": 5856045.511111111,
                                        "a7dfb872-06bc-5e10-b878-eca5eb0b3683": 11337033.955555556
                                    },
                                    "50.0percentiles(norm_byte)": {
                                        "281238bb-d217-57e2-a68a-64289f86b9ad": 6119424.0,
                                        "a7dfb872-06bc-5e10-b878-eca5eb0b3683": 11501568.0
                                    }
                                }
                            }
                        },
                        "1024": {
                            "num_threads": {
                                "1": {
                                    "max(norm_byte)": {
                                        "281238bb-d217-57e2-a68a-64289f86b9ad": 123174912.0,
                                        "a7dfb872-06bc-5e10-b878-eca5eb0b3683": 183205888.0
                                    },
                                    "avg(norm_byte)": {
                                        "281238bb-d217-57e2-a68a-64289f86b9ad": 94882032.26815642,
                                        "a7dfb872-06bc-5e10-b878-eca5eb0b3683": 181185649.7777778
                                    },
                                    "50.0percentiles(norm_byte)": {
                                        "281238bb-d217-57e2-a68a-64289f86b9ad": 96174080.0,
                                        "a7dfb872-06bc-5e10-b878-eca5eb0b3683": 181248000.0
                                    }
                                }
                            }
                        }
                    }
                }
            }
        },
        "rr": {
            "protocol": {
                "tcp": {
                    "message_size": {
                        "64": {
                            "num_threads": {
                                "1": {
                                    "max(norm_ops)": {
                                        "281238bb-d217-57e2-a68a-64289f86b9ad": 2268.0,
                                        "a7dfb872-06bc-5e10-b878-eca5eb0b3683": 2334.0
                                    },
                                    "avg(norm_ops)": {
                                        "281238bb-d217-57e2-a68a-64289f86b9ad": 1839.5388888888888,
                                        "a7dfb872-06bc-5e10-b878-eca5eb0b3683": 2130.1005586592178
                                    },
                                    "90.0percentiles(norm_ltcy)": {
                                        "281238bb-d217-57e2-a68a-64289f86b9ad": 674.3209533691406,
                                        "a7dfb872-06bc-5e10-b878-eca5eb0b3683": 492.64020996093745
                                    },
                                    "99.0percentiles(norm_ltcy)": {
                                        "281238bb-d217-57e2-a68a-64289f86b9ad": 2427.9414184570096,
                                        "a7dfb872-06bc-5e10-b878-eca5eb0b3683": 568.4574713134771
                                    },
                                    "avg(norm_ltcy)": {
                                        "281238bb-d217-57e2-a68a-64289f86b9ad": 580.4294094509548,
                                        "a7dfb872-06bc-5e10-b878-eca5eb0b3683": 473.0330312718226
                                    }
                                }
                            }
                        },
                        "1024": {
                            "num_threads": {
                                "1": {
                                    "max(norm_ops)": {
                                        "281238bb-d217-57e2-a68a-64289f86b9ad": 2230.0,
                                        "a7dfb872-06bc-5e10-b878-eca5eb0b3683": 2394.0
                                    },
                                    "avg(norm_ops)": {
                                        "281238bb-d217-57e2-a68a-64289f86b9ad": 1790.161111111111,
                                        "a7dfb872-06bc-5e10-b878-eca5eb0b3683": 2314.2166666666667
                                    },
                                    "90.0percentiles(norm_ltcy)": {
                                        "281238bb-d217-57e2-a68a-64289f86b9ad": 714.5600891113281,
                                        "a7dfb872-06bc-5e10-b878-eca5eb0b3683": 440.58973693847656
                                    },
                                    "99.0percentiles(norm_ltcy)": {
                                        "281238bb-d217-57e2-a68a-64289f86b9ad": 1912.6780517578063,
                                        "a7dfb872-06bc-5e10-b878-eca5eb0b3683": 519.4474365234373
                                    },
                                    "avg(norm_ltcy)": {
                                        "281238bb-d217-57e2-a68a-64289f86b9ad": 600.060191514757,